,수집일,내부CO2(ppm),내부습도(%),일사량(W/m-2·s),외부온도(도),내부온도(도),열매수,내부질소(t ha-1),내부인(t ha-1)
0,2018-07-21,421.63,78.46,297.5,29.08,30.46,0,0,0
1,2018-07-22,410.08,70.58,284.0,30.13,31.58,0,0,0
2,2018-07-23,381.33,71.17,314.92,29.67,31.29,0,0,0
3,2018-07-24,380.54,76.58,320.33,29.75,31.17,0,0,0
4,2018-07-25,372.25,78.83,249.04,28.96,30.5,0,0,0
5,2018-07-26,396.96,79.83,291.83,28.67,30.29,0,0,0
6,2018-07-27,401.71,77.83,307.04,29.13,30.92,0,0,0
7,2018-07-28,394.04,80.83,283.38,28.83,30.38,0,0,0
8,2018-07-29,380.33,70.67,305.08,29.83,31.42,0,0,0
9,2018-07-30,360.17,66.5,282.54,30.25,31.42,0,0,0
10,2018-07-31,380.29,73.5,315.33,29.21,31.04,0,0,0
11,2018-08-01,396.67,73.21,321.88,30.13,31.88,0,0,0
12,2018-08-02,399.13,73.75,307.58,30.58,32.13,0,0,0
13,2018-08-03,387.67,67.17,312.58,30.96,32.58,0,0,0
14,2018-08-04,393.17,76.79,299.96,29.13,30.96,0,0,0
15,2018-08-05,388.0,79.88,271.29,28.88,30.46,0,0,0
16,2018-08-06,399.88,77.88,309.13,29.21,31.04,0,0,0
17,2018-08-07,391.21,79.08,269.63,29.5,31.17,0,0,0
18,2018-08-08,381.67,76.75,296.54,29.63,31.25,0,0,0
19,2018-08-09,398.63,76.71,307.17,29.17,30.88,0,0,0
20,2018-08-10,393.04,80.08,263.38,29.33,31.13,0,0,0
21,2018-08-11,380.54,77.71,229.79,29.21,30.63,0,0,0
22,2018-08-12,385.13,79.88,205.5,28.75,29.79,0,0,0
23,2018-08-13,405.79,78.33,280.96,29.96,31.29,0,0,0
24,2018-08-14,407.75,74.96,308.25,30.04,31.25,0,0,0
25,2018-08-15,399.96,74.46,307.46,29.54,31.29,0,0,0
26,2018-08-16,375.54,77.5,228.0,28.63,29.88,0,0,0
27,2018-08-17,339.83,65.38,320.75,26.79,27.96,0,0,0
28,2018-08-18,349.33,71.67,319.92,24.63,26.21,0,0,0
29,2018-08-19,362.33,73.67,299.3,25.87,27.29,0,0,0
30,2018-08-20,381.71,81.38,34.22,23.78,26.33,0,0,0
31,2018-08-21,364.21,80.46,167.58,27.33,26.58,0,0,0
32,2018-08-22,354.0,72.17,278.96,29.29,30.25,0,0,0
33,2018-08-23,363.33,85.25,58.96,26.96,27.42,0,0,0
34,2018-08-24,360.29,90.79,118.25,24.88,26.25,0,0,0
35,2018-08-25,354.58,83.33,164.33,24.92,25.96,0,0,0
36,2018-08-26,345.67,93.21,47.21,21.33,22.83,0,0,0
37,2018-08-27,385.54,97.79,43.79,24.13,25.42,0,0,0
38,2018-08-28,364.46,91.5,163.13,26.33,27.25,0,0,0
39,2018-08-29,373.08,85.17,272.0,26.75,27.67,0,0,0
40,2018-08-30,359.42,93.75,94.38,25.75,26.67,0,0,0
41,2018-08-31,369.67,92.58,106.08,23.0,24.33,0,0,0
42,2018-09-01,364.5,83.71,234.88,25.0,25.83,0,0,0
43,2018-09-02,351.33,82.96,210.38,23.75,24.75,0,0,0
44,2018-09-03,363.08,88.58,158.92,25.58,26.63,0,0,0
45,2018-09-04,360.54,85.79,299.13,23.83,25.25,0,0,0
46,2018-09-05,357.92,81.83,306.13,23.29,24.42,0,0,0
47,2018-09-06,345.46,84.88,148.04,23.54,24.21,0,0,0
48,2018-09-07,340.0,85.67,160.54,21.67,22.46,0,0,0
49,2018-09-08,372.08,78.88,290.5,20.13,21.38,0,0,0
50,2018-09-09,380.13,81.71,299.58,19.88,21.38,0,0,0
51,2018-09-10,378.46,80.46,286.38,20.96,21.92,0,0,0
52,2018-09-11,346.67,81.21,216.13,19.46,20.5,0,0,0
53,2018-09-12,346.38,82.58,302.87,20.83,21.88,0,0,0
54,2018-09-13,357.33,90.79,125.53,21.94,21.88,0,0,0
55,2018-09-14,338.25,92.0,102.04,21.75,22.33,0,0,0
56,2018-09-15,355.63,91.38,119.46,23.33,23.83,0,0,0
57,2018-09-16,389.21,92.13,107.0,23.08,23.67,0,0,0
58,2018-09-17,368.79,87.21,227.54,21.75,22.75,0,0,0
59,2018-09-18,389.88,84.46,273.63,20.46,21.88,0,0,0
60,2018-09-19,391.83,84.92,118.46,21.04,21.46,0,0,0
61,2018-09-20,359.33,91.96,104.38,21.17,21.96,0,0,0
62,2018-09-21,362.58,96.38,67.13,19.92,21.17,0,0,0
63,2018-09-22,381.25,86.79,235.33,20.5,21.38,0,0,0
64,2018-09-23,373.46,88.46,194.75,18.75,19.67,0,0,0
65,2018-09-24,364.38,85.38,222.63,16.92,18.38,0,0,0
66,2018-09-25,357.67,83.75,278.17,16.04,18.33,0,0,0
67,2018-09-26,324.75,84.96,213.17,18.25,19.25,0,0,0
68,2018-09-27,328.04,84.42,271.83,17.83,19.0,0,0,0
69,2018-09-28,327.13,89.5,110.92,17.38,17.96,0,0,0
70,2018-09-29,332.13,85.83,258.25,19.17,20.13,0,0,0
71,2018-09-30,331.29,86.21,250.42,17.88,19.17,0,0,0
72,2018-10-01,326.04,89.58,171.92,16.38,18.38,0,0,0
73,2018-10-02,372.92,87.63,237.17,15.38,17.67,0,0,0
74,2018-10-03,373.92,87.71,257.79,15.21,18.5,0,0,0
75,2018-10-04,362.71,86.46,241.04,17.58,19.67,0,0,0
76,2018-10-05,346.46,98.42,32.04,17.29,19.21,0,0,0
77,2018-10-06,303.0,96.13,81.08,18.38,19.46,0,0,0
78,2018-10-07,336.17,89.83,249.0,16.42,18.33,0,0,0
79,2018-10-08,354.38,91.0,197.88,14.25,17.75,0,0,0
80,2018-10-09,352.79,91.92,128.08,14.96,17.5,0,0,0
81,2018-10-10,318.17,90.13,216.0,14.38,18.04,0,0,0
82,2018-10-11,347.42,91.5,219.63,11.17,17.46,0,0,0
83,2018-10-12,349.63,91.29,241.79,10.71,18.04,0,0,0
84,2018-10-13,382.96,90.46,236.96,11.21,18.0,0,0,0
85,2018-10-14,389.0,90.92,215.63,12.33,17.92,101,0,0
86,2018-10-15,374.63,92.96,190.17,13.71,17.88,0,0,0
87,2018-10-16,403.33,94.0,109.38,13.17,17.33,101,0,0
88,2018-10-17,385.5,91.46,221.79,12.17,17.75,0,0,0
89,2018-10-18,374.29,91.79,201.21,11.25,17.71,0,0,0
90,2018-10-19,366.08,90.54,230.0,12.13,17.71,0,0,0
91,2018-10-20,381.58,90.96,216.13,11.38,17.75,0,0,0
92,2018-10-21,384.96,90.58,211.79,11.67,17.71,0,0,0
93,2018-10-22,388.67,93.42,140.5,12.38,17.29,0,0,0
94,2018-10-23,426.17,94.46,132.79,12.58,17.13,112,0,0
95,2018-10-24,392.46,91.75,212.08,11.92,18.04,0,0,0
96,2018-10-25,381.13,90.46,205.21,12.38,17.92,0,0,0
97,2018-10-26,392.79,99.08,25.67,12.92,15.83,0,0,0
98,2018-10-27,293.5,96.04,86.46,11.21,16.17,0,0,0
99,2018-10-28,334.79,93.63,180.54,12.13,18.0,0,0,0
100,2018-10-29,328.58,95.25,129.46,10.54,17.5,0,0,0
101,2018-10-30,339.33,92.42,203.58,8.17,18.17,105,0,0
102,2018-10-31,334.04,92.88,160.5,7.71,17.88,0,0,0
103,2018-11-01,353.29,91.58,200.13,7.75,17.96,0,0,0
104,2018-11-02,358.46,91.67,197.46,9.08,18.21,0,0,0
105,2018-11-03,362.92,92.42,174.17,9.67,17.88,0,0,0
106,2018-11-04,364.88,92.71,183.71,9.92,17.83,0,0,0
107,2018-11-05,374.17,92.29,185.71,9.75,17.67,0,0,0
108,2018-11-06,390.79,95.08,118.75,10.75,17.17,97,0,0
109,2018-11-07,420.75,98.92,21.71,12.04,15.58,0,0,0
110,2018-11-08,357.63,99.5,20.88,14.5,16.46,0,0,0
111,2018-11-09,313.46,94.38,110.33,13.04,16.79,0,0,0
112,2018-11-10,340.92,93.46,170.63,12.33,17.96,0,0,0
113,2018-11-11,313.29,98.63,40.88,10.13,16.33,0,0,0
114,2018-11-12,327.67,93.33,172.75,9.21,17.08,0,0,0
115,2018-11-13,345.04,92.08,170.13,7.71,17.13,83,0,0
116,2018-11-14,361.5,93.88,166.04,7.88,16.96,0,0,0
117,2018-11-15,359.83,97.04,150.71,8.96,16.5,0,0,0
118,2018-11-16,352.08,95.67,56.54,9.21,16.21,0,0,0
119,2018-11-17,339.33,88.04,181.25,6.96,17.25,0,0,0
120,2018-11-18,335.79,94.33,60.88,5.83,15.83,0,0,0
121,2018-11-19,330.0,90.63,145.25,7.79,17.38,0,0,0
122,2018-11-20,334.88,87.96,169.21,6.79,16.71,62,0,0
123,2018-11-21,334.63,90.46,93.54,6.0,16.17,0,0,0
124,2018-11-22,330.38,87.33,168.92,4.04,16.92,0,0,0
125,2018-11-23,343.29,88.42,156.13,2.96,17.13,0,0,0
126,2018-11-24,379.96,93.79,53.33,6.46,15.79,0,0,0
127,2018-11-25,381.08,92.83,102.13,6.21,16.42,0,0,0
128,2018-11-26,390.54,90.5,158.13,6.58,17.79,0,0,0
129,2018-11-27,413.71,91.71,120.54,7.92,18.21,0,0,0
130,2018-11-28,404.67,90.71,85.54,6.13,17.21,0,0,0
131,2018-11-29,440.67,92.79,72.54,4.88,16.67,0,0,0
132,2018-11-30,417.92,91.38,153.46,5.21,18.21,0,0,0
133,2018-12-01,389.0,95.33,89.08,5.13,17.38,0,0,0
134,2018-12-02,384.13,98.08,119.13,8.71,18.04,0,0,0
135,2018-12-03,439.17,99.46,33.17,13.54,17.33,0,0,0
136,2018-12-04,388.21,98.67,67.79,10.04,17.13,0,0,0
137,2018-12-05,379.58,99.25,119.79,2.83,17.13,0,0,0
138,2018-12-06,389.08,99.75,63.38,3.13,16.58,0,0,0
139,2018-12-07,355.42,99.79,118.46,-1.33,16.29,0,0,0
140,2018-12-08,370.5,99.79,125.33,-4.33,16.04,0,0,0
141,2018-12-09,371.0,99.83,156.33,-4.04,16.25,0,0,0
142,2018-12-10,378.67,99.79,155.08,-1.5,16.88,0,0,0
143,2018-12-11,426.71,99.96,34.0,-0.08,15.58,0,0,0
144,2018-12-12,396.96,99.83,138.13,-0.5,16.96,0,0,0
145,2018-12-13,352.88,99.79,82.88,1.63,16.5,0,0,0
146,2018-12-14,336.0,99.75,138.04,-0.83,17.21,0,0,0
147,2018-12-15,370.08,99.83,138.5,-1.79,16.88,0,0,0
148,2018-12-16,395.13,99.63,80.17,0.79,16.42,0,0,0
149,2018-12-17,362.88,99.71,117.46,3.42,17.21,0,0,0
150,2018-12-18,364.17,99.67,125.42,3.96,17.54,0,0,0
151,2018-12-19,357.63,89.04,110.88,7.58,17.67,0,0,0
152,2018-12-20,371.04,84.29,87.58,6.08,17.46,0,0,0
153,2018-12-21,370.63,85.04,46.96,4.63,16.21,0,0,0
154,2018-12-22,380.04,82.33,124.83,6.46,17.83,0,0,0
155,2018-12-23,355.33,82.13,144.42,6.08,17.63,0,0,0
156,2018-12-24,387.25,78.58,138.79,-0.04,16.92,0,0,0
157,2018-12-25,437.13,83.54,64.42,0.13,15.79,0,0,0
158,2018-12-26,419.04,83.96,124.04,2.54,17.13,7,0,0
159,2018-12-27,391.08,77.13,146.67,-4.04,15.83,0,0,0
160,2018-12-28,390.58,73.75,130.88,-5.83,15.58,0,0,0
161,2018-12-29,415.46,79.79,138.33,-5.25,16.17,0,0,0
162,2018-12-30,432.42,81.17,141.0,-4.67,16.08,0,0,0
163,2018-12-31,449.71,80.83,149.67,-3.63,16.67,0,0,0
164,2019-01-01,471.13,85.54,72.75,-1.08,15.88,0,0,0
165,2019-01-02,416.79,81.63,135.04,-2.04,16.29,0,0,0
166,2019-01-03,435.0,82.46,148.83,-2.67,16.67,0,0,0
167,2019-01-04,476.67,87.42,58.92,-2.04,15.38,0,0,0
168,2019-01-05,462.21,86.13,136.54,0.21,17.0,0,0,0
169,2019-01-06,444.42,84.54,148.71,-1.96,16.75,0,0,0
170,2019-01-07,456.0,87.21,116.25,-1.54,15.71,0,0,0
171,2019-01-08,452.67,87.42,109.92,-0.92,15.54,20,0,0
172,2019-01-09,439.38,86.54,117.17,-3.25,15.71,0,0,0
173,2019-01-10,472.25,92.38,62.92,-0.38,15.25,0,0,0
174,2019-01-11,484.33,90.92,114.42,1.83,16.46,0,0,0
175,2019-01-12,474.17,91.08,117.04,3.92,16.92,0,0,0
176,2019-01-13,507.17,88.58,147.46,1.13,17.04,0,0,0
177,2019-01-14,508.46,90.92,108.38,0.0,16.33,0,0,0
178,2019-01-15,430.88,91.5,87.83,0.79,15.71,31,0,0
179,2019-01-16,428.88,86.5,164.46,-3.29,16.46,0,0,0
180,2019-01-17,477.75,90.04,76.96,-0.21,15.04,0,0,0
181,2019-01-18,491.42,88.33,139.17,0.21,16.71,0,0,0
182,2019-01-19,498.75,92.58,82.63,2.29,15.88,0,0,0
183,2019-01-20,457.88,89.29,167.25,1.46,16.63,0,0,0
184,2019-01-21,454.29,89.0,128.92,-0.08,16.33,0,0,0
185,2019-01-22,450.58,88.04,154.75,1.71,17.0,45,0,0
186,2019-01-23,444.92,90.04,137.29,2.67,16.83,0,0,0
187,2019-01-24,455.58,87.29,173.88,-0.33,17.13,0,0,0
188,2019-01-25,436.08,89.54,119.33,-1.04,16.08,0,0,0
189,2019-01-26,459.54,87.33,178.79,-2.04,16.58,0,0,0
190,2019-01-27,445.25,87.42,177.75,-1.13,17.0,0,0,0
191,2019-01-28,438.88,89.46,157.58,3.0,16.92,0,0,0
192,2019-01-29,474.88,87.04,180.63,-1.25,17.0,61,0,0
193,2019-01-30,512.08,91.38,122.96,1.38,16.58,0,0,0
194,2019-01-31,506.54,92.92,67.13,0.17,15.5,0,0,0
195,2019-02-01,524.79,90.79,126.38,-0.96,16.42,0,0,0
196,2019-02-02,544.08,92.0,118.0,2.46,16.75,0,0,0
197,2019-02-03,519.92,97.42,10.88,6.58,15.08,0,0,0
198,2019-02-04,427.29,88.0,178.38,2.29,16.63,0,0,0
199,2019-02-05,452.42,88.54,170.13,3.21,17.25,0,0,0
200,2019-02-06,474.92,90.5,135.58,5.25,17.17,0,0,0
201,2019-02-07,452.83,91.83,138.96,1.96,16.33,0,0,0
202,2019-02-08,495.08,89.83,166.5,-2.71,16.96,0,0,0
203,2019-02-09,472.0,89.29,190.33,-1.79,17.04,0,0,0
204,2019-02-10,492.5,91.71,120.38,-1.75,16.46,0,0,0
205,2019-02-11,490.75,89.58,178.92,-1.21,17.08,0,0,0
206,2019-02-12,506.04,90.83,154.04,-0.5,17.21,97,0,0
207,2019-02-13,513.88,89.46,180.75,0.42,17.42,0,0,0
208,2019-02-14,482.08,89.83,187.04,0.63,17.5,0,0,0
209,2019-02-15,505.04,94.75,88.21,1.25,16.21,0,0,0
210,2019-02-16,385.21,90.58,165.17,0.04,17.38,0,0,0
211,2019-02-17,458.58,87.75,212.71,-1.29,18.21,0,0,0
212,2019-02-18,498.29,93.29,104.21,0.71,17.25,0,0,0
213,2019-02-19,507.46,97.25,16.18,2.36,17.08,116,0,0
214,2019-02-20,488.67,91.29,159.17,2.46,18.13,0,0,0
215,2019-02-21,479.46,89.79,196.46,1.63,18.46,0,0,0
216,2019-02-22,488.38,92.5,142.17,2.79,17.79,0,0,0
217,2019-02-23,466.29,88.88,202.63,3.79,18.25,0,0,0
218,2019-02-24,445.92,87.46,216.46,4.88,18.42,0,0,0
219,2019-02-25,483.0,93.0,132.42,4.04,17.79,0,0,0
220,2019-02-26,449.54,89.0,212.04,3.17,18.71,130,0,0
221,2019-02-27,559.75,98.67,46.92,5.63,16.38,0,0,0
222,2019-02-28,510.0,91.67,150.54,4.08,17.75,0,0,0
223,2019-03-01,444.63,88.88,201.88,4.46,18.54,0,0,0
224,2019-03-02,443.04,90.96,183.38,6.42,18.46,0,0,0
225,2019-03-03,489.67,92.96,125.79,7.58,17.83,0,0,0
226,2019-03-04,466.29,92.0,184.42,7.0,18.38,0,0,0
227,2019-03-05,455.29,93.71,125.63,6.38,17.54,157,0,0
228,2019-03-06,448.92,91.38,180.63,7.96,18.5,0,0,0
229,2019-03-07,431.83,90.33,213.5,5.08,18.58,0,0,0
230,2019-03-08,429.96,91.96,257.33,4.38,18.79,0,0,0
231,2019-03-09,410.29,97.13,212.67,6.33,18.21,0,0,0
232,2019-03-10,425.79,97.42,77.04,8.42,16.83,0,0,0
233,2019-03-11,364.25,96.88,79.0,5.71,17.0,0,0,0
234,2019-03-12,442.79,94.5,123.71,5.29,17.5,169,0,0
235,2019-03-13,436.17,89.83,235.92,3.54,19.33,0,0,0
236,2019-03-14,427.88,89.0,250.5,4.71,19.46,0,0,0
237,2019-03-15,440.79,93.67,149.92,7.21,18.08,0,0,0
238,2019-03-16,399.79,90.88,241.38,5.63,19.38,0,0,0
239,2019-03-17,413.08,90.42,254.38,6.0,19.5,0,0,0
240,2019-03-18,424.54,91.63,206.42,5.58,18.58,0,0,0
241,2019-03-19,428.21,90.58,222.92,7.88,19.29,163,0,0
242,2019-03-20,517.42,97.79,58.13,10.75,17.46,0,0,0
243,2019-03-21,419.04,96.33,86.29,8.04,17.21,0,0,0
244,2019-03-22,418.08,91.21,272.33,3.63,19.79,0,0,0
245,2019-03-23,436.58,90.79,220.75,3.42,18.71,0,0,0
246,2019-03-24,396.46,89.88,289.92,3.5,19.46,0,0,0
247,2019-03-25,408.88,89.92,219.96,5.33,19.0,0,0,0
248,2019-03-26,410.67,89.33,227.54,7.38,18.96,127,0,0
249,2019-03-27,417.75,88.08,244.0,12.83,19.63,0,0,0
250,2019-03-28,370.08,91.5,209.88,8.96,19.79,0,0,0
251,2019-03-29,360.67,89.79,245.71,9.04,20.04,0,0,0
252,2019-03-30,332.42,93.83,142.88,6.79,18.38,0,0,0
253,2019-03-31,290.08,89.33,267.63,5.79,19.17,0,0,0
254,2019-04-01,368.17,93.5,285.79,5.88,20.33,0,0,0
255,2019-04-02,428.42,93.25,292.54,5.83,20.38,149,0,0
256,2019-04-03,416.13,92.29,299.71,5.79,20.0,0,0,0
257,2019-04-04,424.46,92.08,263.87,6.83,20.25,0,0,0
258,2019-04-05,439.88,95.0,182.04,9.42,18.79,0,0,0
259,2019-04-06,429.13,91.13,247.75,10.42,20.13,0,0,0
260,2019-04-07,453.88,94.67,167.46,12.04,19.0,0,0,0
261,2019-04-08,420.46,92.38,266.67,9.83,20.38,0,0,0
262,2019-04-09,482.83,94.67,128.42,10.96,18.21,134,0,0
263,2019-04-10,451.21,98.25,73.46,7.67,17.54,0,0,0
264,2019-04-11,420.04,94.75,195.0,7.75,19.25,0,0,0
265,2019-04-12,413.46,93.33,294.75,9.17,20.33,0,0,0
266,2019-04-13,415.38,92.04,286.5,10.21,19.88,0,0,0
267,2019-04-14,455.04,96.71,120.46,9.21,18.17,0,0,0
268,2019-04-15,414.29,92.96,310.67,9.0,20.5,0,0,0
269,2019-04-16,421.96,90.83,261.46,12.63,20.5,126,0,0
270,2019-04-17,430.42,89.88,305.46,14.33,20.33,0,0,0
271,2019-04-18,415.67,90.75,281.92,14.0,20.46,0,0,0
272,2019-04-19,438.42,95.96,129.96,14.96,18.88,0,0,0
273,2019-04-20,415.42,92.0,263.75,16.25,20.38,0,0,0
274,2019-04-21,402.79,93.13,197.96,16.63,19.92,0,0,0
275,2019-04-22,419.92,91.08,296.75,17.13,20.83,0,0,0
276,2019-04-23,472.29,96.38,84.92,16.96,18.92,117,0,0
277,2019-04-24,389.29,95.71,148.83,16.58,18.92,0,0,0
278,2019-04-25,439.79,99.0,46.92,13.21,18.17,0,0,0
279,2019-04-26,465.63,99.33,43.0,9.5,17.54,0,0,0
280,2019-04-27,357.75,92.46,297.75,11.58,20.96,0,0,0
281,2019-04-28,410.13,93.42,234.21,13.04,19.83,0,0,0
282,2019-04-29,495.58,99.54,43.5,11.25,17.75,0,0,0
283,2019-04-30,426.67,93.71,235.5,13.33,19.96,105,0,0
284,2019-05-01,380.92,93.21,279.42,11.96,20.5,0,0,0
285,2019-05-02,411.75,90.63,340.96,13.33,20.96,0,0,0
286,2019-05-03,418.71,88.63,334.33,14.63,20.88,0,0,0
287,2019-05-04,402.88,89.5,278.38,15.88,20.83,0,0,0
288,2019-05-05,411.54,87.5,324.17,16.46,21.13,0,0,0
289,2019-05-06,418.88,89.21,347.58,12.63,21.33,0,0,0
290,2019-05-07,430.25,88.96,345.29,12.13,21.0,74,0,0
291,2019-05-08,399.33,89.17,263.75,13.21,20.63,0,0,0
292,2019-05-09,375.5,86.75,335.75,14.46,20.75,0,0,0
293,2019-05-10,362.54,87.58,328.17,14.71,21.08,0,0,0
294,2019-05-11,400.04,86.04,329.63,16.17,21.17,0,0,0
295,2019-05-12,387.17,85.75,307.88,17.75,21.04,0,0,0
296,2019-05-13,389.46,88.63,273.42,17.67,21.04,0,0,0
297,2019-05-14,367.46,87.42,321.75,19.67,21.83,92,0,0
298,2019-05-15,384.67,86.29,323.67,20.5,21.88,0,0,0
299,2019-05-16,370.71,86.17,296.83,21.25,22.08,0,0,0
300,2019-05-17,379.0,87.21,270.88,21.76,22.83,0,0,0
301,2019-05-20,326.18,92.67,341.91,15.18,23.38,0,0,0
302,2019-05-21,343.22,95.67,368.91,16.3,21.88,69,0,0
303,2019-05-22,354.38,98.04,354.75,18.92,21.58,0,0,0
304,2019-05-23,371.96,95.67,348.63,20.63,21.83,0,0,0
305,2019-05-24,372.71,94.13,320.21,22.04,23.13,0,0,0
306,2019-05-25,398.29,82.36,12.43,17.57,24.08,0,0,0
307,2019-05-30,275.0,84.43,175.0,22.0,22.58,0,0,0
308,2019-06-05,342.0,88.71,302.0,23.0,25.21,0,0,0
309,2019-06-07,324.67,97.0,127.33,18.67,22.0,0,0,0
310,2019-06-10,308.75,90.46,109.5,18.25,24.79,0,0,0
311,2019-06-12,329.8,84.88,457.13,22.63,22.63,0,0,0
312,2019-06-13,341.87,83.54,326.48,21.7,22.42,0,0,0
313,2019-06-14,341.71,89.54,140.63,21.33,21.33,0,0,0
314,2019-06-15,330.67,87.46,324.0,19.88,21.25,0,0,0
315,2019-06-16,324.08,87.46,295.67,19.83,21.13,0,0,0
316,2019-06-17,330.33,86.96,306.96,20.38,21.42,0,0,0
317,2019-06-18,337.88,88.75,213.54,21.54,21.83,0,0,0
318,2019-10-31,574.96,73.63,126.6,16.7,17.29,0,0,0
319,2019-11-01,768.0,70.54,202.42,16.54,19.58,0,0,0
320,2019-11-02,775.58,75.17,159.38,17.04,20.0,0,0,0
321,2019-11-03,778.92,77.13,139.46,17.29,20.21,0,0,0
322,2019-11-04,724.0,75.13,100.38,15.13,16.96,0,0,0
323,2019-11-05,774.17,71.33,208.58,13.54,16.83,0,0,0
324,2019-11-06,760.75,70.21,211.0,14.21,17.71,0,0,0
325,2019-11-07,774.33,72.5,167.33,13.67,18.71,0,0,0
326,2019-11-08,791.46,72.58,196.13,12.0,20.08,0,0,0
327,2019-11-09,756.21,66.96,203.38,11.71,19.67,0,0,0
328,2019-11-10,769.5,79.46,110.67,12.54,18.92,0,0,0
329,2019-11-11,768.88,73.63,174.88,14.21,19.83,0,0,0
330,2019-11-12,783.96,76.75,179.96,13.17,20.88,0,0,0
331,2019-11-13,810.17,78.5,61.38,12.71,18.04,0,0,0
332,2019-11-14,672.88,72.17,209.13,7.96,18.71,0,0,0
333,2019-11-15,778.71,73.96,196.17,9.08,19.54,0,0,0
334,2019-11-16,799.58,79.13,164.71,13.08,20.54,0,0,0
335,2019-11-17,862.5,90.21,39.58,15.58,20.25,0,0,0
336,2019-11-18,741.25,79.71,95.92,15.58,19.63,0,0,0
337,2019-11-19,741.5,71.58,173.46,6.96,15.79,0,0,0
338,2019-11-20,693.79,71.88,204.67,5.79,17.04,0,0,0
339,2019-11-21,768.13,74.13,185.5,8.0,17.13,0,0,0
340,2019-11-22,758.54,74.63,186.13,12.5,18.29,0,0,0
341,2019-11-23,759.17,76.67,185.42,13.88,19.08,0,0,0
342,2019-11-24,822.29,89.25,44.13,14.75,18.96,0,0,0
343,2019-11-25,733.08,81.75,123.33,13.08,17.04,0,0,0
344,2019-11-26,706.0,78.0,184.13,12.33,17.58,0,0,0
345,2019-11-27,749.0,89.46,54.21,10.13,17.13,0,0,0
346,2019-11-28,726.33,85.75,68.0,9.63,16.17,0,0,0
347,2019-11-29,731.42,76.0,185.13,6.13,15.71,0,0,0
348,2019-11-30,762.46,77.13,144.42,8.5,15.96,0,0,0
349,2019-12-01,779.79,91.21,27.04,9.5,15.46,0,0,0
350,2019-12-02,751.5,78.75,180.71,7.42,15.71,0,0,0
351,2019-12-03,745.38,74.96,158.5,4.5,13.79,0,0,0
352,2019-12-04,739.0,79.63,165.42,5.33,15.92,0,0,0
353,2019-12-05,746.17,77.5,177.5,3.88,14.88,0,0,0
354,2019-12-06,658.92,82.46,105.29,0.71,14.0,0,0,0
355,2019-12-07,672.75,79.13,180.88,2.79,16.21,0,0,0
356,2019-12-08,725.79,79.67,176.71,3.79,15.96,0,0,0
357,2019-12-09,747.46,76.75,171.13,4.38,15.5,6,0,0
358,2019-12-10,758.75,79.92,142.96,7.75,16.96,0,0,0
359,2019-12-11,776.58,78.42,145.17,10.58,17.25,0,0,0
360,2019-12-12,709.5,78.13,183.46,4.38,16.0,0,0,0
361,2019-12-13,732.54,78.08,135.88,3.67,14.54,0,0,0
362,2019-12-14,735.75,80.42,162.46,5.58,16.33,0,0,0
363,2019-12-15,744.08,82.08,165.0,7.88,17.0,0,0,0
364,2019-12-16,787.63,79.79,140.96,8.38,16.38,11,0,0
365,2019-12-17,782.46,87.08,75.96,11.13,17.38,0,0,0
366,2019-12-18,736.17,77.63,162.92,10.29,17.46,0,0,0
367,2019-12-19,716.79,78.42,149.0,6.96,16.46,0,0,0
368,2019-12-20,711.63,80.0,149.21,4.21,15.79,0,0,0
369,2019-12-21,688.38,87.13,56.46,2.75,13.71,0,0,0
370,2019-12-22,696.63,88.63,49.54,4.33,13.92,0,0,0
371,2019-12-23,719.42,81.63,148.67,5.33,16.08,14,0,0
372,2019-12-24,725.42,82.71,142.75,6.08,16.33,0,0,0
373,2019-12-25,761.92,80.96,155.54,7.75,17.08,0,0,0
374,2019-12-26,759.21,90.67,26.5,7.63,14.13,0,0,0
375,2019-12-27,679.63,81.17,183.04,3.79,15.75,0,0,0
376,2019-12-28,693.08,79.54,175.63,2.92,16.21,0,0,0
377,2019-12-29,720.08,89.17,35.5,3.92,13.67,0,0,0
378,2019-12-30,736.54,86.46,126.17,8.75,16.88,14,0,0
379,2019-12-31,645.33,83.42,188.71,1.25,15.83,0,0,0
380,2020-01-01,678.25,83.63,176.63,1.46,16.0,0,0,0
381,2020-01-02,670.13,85.17,155.42,4.0,16.63,0,0,0
382,2020-01-03,692.88,83.5,168.54,4.33,16.54,0,0,0
383,2020-01-04,721.08,85.58,141.75,4.25,16.21,0,0,0
384,2020-01-05,726.17,83.0,169.25,4.67,16.83,0,0,0
385,2020-01-06,784.96,91.42,18.67,5.29,13.04,16,0,0
386,2020-01-07,841.21,93.33,12.92,13.21,15.96,0,0,0
387,2020-01-08,688.58,88.42,132.33,10.54,18.21,0,0,0
388,2020-01-09,666.54,86.83,147.33,5.88,16.71,0,0,0
389,2020-01-10,709.92,83.42,168.29,4.54,15.71,0,0,0
390,2020-01-11,736.0,82.63,172.33,5.08,15.42,0,0,0
391,2020-01-12,716.38,83.13,174.5,4.88,15.63,0,0,0
392,2020-01-13,712.29,81.08,230.53,3.07,15.71,17,0,0
393,2020-12-31,380.0,84.08,0.0,0.0,13.38,0,0,0
394,2021-01-02,378.17,29.21,103.0,0.88,10.75,0,0,0
395,2021-01-03,390.54,27.88,128.0,-1.18,12.29,0,0,0
396,2021-01-04,377.59,27.0,163.14,1.6,14.38,0,0,0
397,2021-01-05,407.04,29.88,80.22,1.0,9.88,0,0,0
398,2021-01-06,395.96,29.21,184.38,-2.12,10.67,13,0,0
399,2021-01-07,392.13,29.67,87.33,-4.33,9.83,0,0,0
400,2021-01-08,396.92,26.96,207.75,-6.75,11.92,0,0,0
401,2021-01-09,398.35,28.39,107.25,-4.86,10.17,0,0,0
402,2021-01-10,398.72,29.0,103.7,-3.13,10.83,0,0,0
403,2021-01-11,368.73,29.75,117.0,-1.25,12.22,0,0,0
404,2021-01-12,373.92,28.3,149.75,-2.09,11.71,0,0,0
405,2021-01-13,370.38,30.61,136.0,4.73,12.21,11,0,0
406,2021-01-14,406.8,29.33,155.4,5.78,13.71,0,0,0
407,2021-01-15,388.43,31.0,70.93,7.56,11.25,0,0,0
408,2021-01-16,388.0,29.25,44.18,3.31,10.54,0,0,0
409,2021-01-17,397.57,27.26,208.5,-0.38,11.29,0,0,0
410,2021-01-18,386.83,29.88,49.56,1.0,10.08,0,0,0
411,2021-01-19,382.04,29.17,89.94,-1.19,10.63,0,0,0
412,2021-01-20,387.48,28.22,89.63,-2.82,10.57,10,0,0
413,2021-01-21,399.42,31.0,157.29,5.0,10.83,0,0,0
414,2021-01-22,422.08,31.63,53.1,7.88,11.42,0,0,0
415,2021-01-23,400.88,31.59,5.73,10.14,10.63,0,0,0
416,2021-01-24,391.65,32.54,113.33,8.78,10.95,0,0,0
417,2021-01-25,386.67,28.63,110.83,8.5,11.92,0,0,0
418,2021-01-26,379.21,31.65,0.0,5.1,10.0,0,0,0
419,2021-01-27,371.71,31.08,50.58,4.0,10.83,12,0,0
420,2021-01-28,384.08,30.04,107.5,2.29,10.46,0,0,0
421,2021-01-29,379.54,29.75,173.73,-1.9,10.58,0,0,0
422,2021-01-30,380.17,30.29,87.64,0.59,10.46,0,0,0
423,2021-01-31,380.33,30.21,139.37,3.47,10.96,0,0,0
424,2021-02-01,380.96,31.83,41.11,8.17,9.83,0,0,0
425,2021-02-02,375.92,29.42,176.0,1.36,10.54,0,0,0
426,2021-02-03,381.88,29.08,148.88,-0.79,10.58,12,0,0
427,2021-02-04,381.58,27.75,173.13,3.8,10.71,0,0,0
428,2021-02-05,380.0,28.58,123.0,2.41,10.67,0,0,0
429,2021-02-06,380.0,28.04,173.54,5.65,11.04,0,0,0
430,2021-02-07,380.67,28.21,171.62,6.68,10.88,0,0,0
431,2021-02-08,379.54,27.29,160.3,2.3,10.54,0,0,0
432,2021-02-09,378.88,27.29,232.06,-0.05,10.58,0,0,0
433,2021-02-10,380.71,27.17,187.05,3.5,10.58,13,0,0
434,2021-02-11,379.79,29.25,130.47,4.68,10.5,0,0,0
435,2021-02-12,382.21,29.13,78.89,8.5,10.79,0,0,0
436,2021-02-13,379.04,26.46,150.63,8.79,11.17,0,0,0
437,2021-02-14,379.67,30.58,67.29,8.13,10.75,0,0,0
438,2021-02-15,381.75,28.29,176.38,5.95,10.88,0,0,0
439,2021-02-16,380.0,27.58,213.41,1.17,10.46,0,0,0
440,2021-02-17,380.0,27.92,174.71,-2.52,10.08,13,0,0
441,2021-02-18,380.83,27.42,237.18,-1.95,10.75,0,0,0
442,2021-02-19,379.08,27.25,166.43,2.84,10.79,0,0,0
443,2021-02-20,380.79,27.63,228.22,10.55,11.29,0,0,0
444,2021-02-21,376.83,27.13,211.75,15.79,12.5,0,0,0
445,2021-02-22,379.83,27.92,183.8,14.48,12.42,0,0,0
446,2021-02-23,386.04,27.63,167.1,7.52,11.0,0,0,0
447,2021-02-24,390.08,29.46,149.62,3.67,10.83,14,0,0
448,2021-02-25,431.17,30.54,125.75,5.4,10.08,0,0,0
449,2021-02-26,399.75,29.88,169.22,10.33,11.17,0,0,0
450,2021-02-27,380.0,28.42,193.67,7.71,11.17,0,0,0
451,2021-02-28,380.0,30.25,93.54,7.5,10.71,0,0,0
452,2021-03-01,380.0,31.58,41.42,11.5,10.96,0,0,0
453,2021-03-02,380.33,29.33,163.35,6.38,11.13,0,0,0
454,2021-03-03,380.0,28.13,186.04,4.04,10.96,13,0,0
455,2021-03-04,380.0,30.88,40.92,5.5,9.5,3,0,0
456,2021-03-05,389.08,28.38,209.75,11.05,11.96,0,0,0
457,2021-03-06,396.08,29.54,105.44,7.82,11.33,0,0,0
458,2021-03-08,380.33,28.17,111.6,9.67,11.38,0,0,0
459,2021-03-09,377.67,28.5,8.64,9.26,11.75,0,0,0
460,2021-03-10,379.5,27.58,0.0,9.45,11.58,14,0,0
461,2021-03-11,375.92,28.17,0.0,8.58,11.46,6,0,0
462,2021-03-12,378.29,31.63,0.0,9.0,10.5,0,0,0
463,2021-03-13,380.0,27.75,277.05,9.38,11.58,0,0,0
464,2021-03-14,378.42,28.08,261.23,8.57,11.5,0,0,0
465,2021-03-15,379.54,28.42,191.62,9.86,11.96,0,0,0
466,2021-03-16,384.08,28.58,329.47,15.06,13.29,0,0,0
467,2021-03-17,415.54,28.67,185.17,13.83,13.58,16,0,0
468,2021-03-18,416.29,28.79,407.88,14.09,13.0,10,0,0
469,2021-03-19,382.71,28.13,263.45,11.86,12.63,0,0,0
470,2021-03-20,380.17,31.54,34.43,9.52,11.13,0,0,0
471,2021-03-21,380.17,28.38,295.48,9.0,11.88,0,0,0
472,2021-03-22,378.42,26.5,354.27,6.96,11.38,0,0,0
473,2021-03-23,377.17,26.88,234.88,9.27,12.04,0,0,0
474,2021-03-24,399.96,28.29,168.59,11.85,12.42,15,0,0
475,2021-03-25,458.71,26.83,234.48,12.48,13.0,17,0,0
476,2021-03-26,467.08,26.46,232.82,12.5,12.88,0,0,0
477,2021-03-27,461.88,30.79,53.0,12.23,11.42,0,0,0
478,2021-03-28,416.79,27.96,252.64,15.6,12.63,0,0,0
479,2021-03-29,432.54,27.33,197.91,14.86,12.25,0,0,0
480,2021-03-30,457.71,26.75,147.0,13.73,12.79,0,0,0
481,2021-03-31,461.46,26.88,209.16,10.22,12.71,25,0,0
482,2021-04-01,453.21,27.83,127.74,13.77,12.79,0,0,0
483,2021-04-02,441.54,27.83,185.43,16.32,13.21,0,0,0
484,2021-04-03,422.92,31.42,25.43,15.4,11.79,0,0,0
485,2021-04-04,449.08,31.38,40.28,12.44,11.25,0,0,0
486,2021-04-05,439.79,27.29,263.91,10.67,12.08,0,0,0
487,2021-04-06,443.75,27.5,220.83,10.79,12.25,0,0,0
488,2021-04-07,447.5,27.17,235.38,14.42,12.88,15,0,0
489,2021-04-08,447.04,28.67,248.38,13.42,12.92,36,0,0
490,2021-04-09,443.79,29.08,116.0,9.29,12.25,0,0,0
491,2021-04-10,446.71,29.42,226.92,10.21,11.88,0,0,0
492,2021-04-11,453.42,28.67,252.96,11.79,12.08,0,0,0
493,2021-04-12,496.33,33.92,0.0,12.5,12.46,0,0,0
494,2021-04-13,436.58,27.75,189.35,14.87,12.5,0,0,0
495,2021-04-14,438.83,24.67,311.5,8.5,11.88,47,0,0
496,2021-04-15,444.75,26.38,210.83,10.18,11.63,0,0,0
497,2021-04-16,441.38,28.04,235.17,10.0,12.13,0,0,0
498,2021-04-17,440.5,25.13,311.06,14.29,12.0,0,0,0
499,2021-04-18,443.17,26.08,414.29,12.67,11.96,0,0,0
500,2021-04-19,455.38,25.67,108.17,8.15,12.04,0,0,0
501,2021-04-20,439.17,25.08,294.89,14.39,12.67,0,0,0
502,2021-04-21,438.96,25.79,202.73,16.9,12.71,50,0,0
503,2021-04-22,419.67,28.17,72.89,17.18,12.33,0,0,0
504,2021-04-23,421.04,25.42,221.67,18.76,13.0,0,0,0
505,2021-04-24,439.96,24.83,211.09,15.58,13.5,0,0,0
506,2021-04-25,411.6,24.25,98.89,16.25,13.29,0,0,0
507,2021-04-26,426.96,25.96,290.28,13.26,11.42,0,0,0
508,2021-04-27,421.75,28.63,117.89,12.73,11.25,0,0,0
509,2021-04-28,434.21,26.83,236.3,17.52,13.0,14,0,0
510,2021-04-29,426.96,25.83,240.64,17.09,13.08,68,0,0
511,2021-04-30,426.33,26.21,153.2,14.82,12.42,0,0,0
512,2021-05-01,440.0,28.04,248.61,11.62,11.46,0,0,0
513,2021-05-02,423.13,27.54,137.06,13.22,11.25,0,0,0
514,2021-05-03,434.13,27.21,354.6,13.45,11.58,0,0,0
515,2021-05-04,430.33,31.04,56.06,16.58,11.88,0,0,0
516,2021-05-05,423.29,26.46,313.3,17.64,13.38,0,0,0
517,2021-05-06,418.38,27.63,41.82,8.5,10.96,62,0,0
518,2021-05-07,438.58,26.67,265.75,17.82,14.21,0,0,0
519,2021-05-09,465.33,23.17,497.5,18.0,16.96,0,0,0
520,2021-05-10,417.5,27.63,176.39,16.31,12.42,0,0,0
521,2021-05-11,391.08,28.21,137.9,16.7,12.38,0,0,0
522,2021-05-12,406.21,27.71,170.48,19.83,13.58,0,0,0
523,2021-05-13,411.67,27.67,258.81,20.19,15.33,65,0,0
524,2021-05-14,411.0,28.67,211.12,20.78,14.96,0,0,0
525,2021-05-15,420.21,31.42,55.2,19.57,14.13,0,0,0
526,2021-05-16,412.33,31.71,24.24,21.39,14.58,0,0,0
527,2021-05-17,411.5,31.04,65.3,20.27,14.5,0,0,0
528,2021-05-18,406.42,31.08,146.92,16.55,13.92,0,0,0
529,2021-05-19,419.46,29.08,137.88,16.63,14.67,89,0,0
530,2021-05-20,399.5,31.88,13.63,16.11,12.08,0,0,0
531,2021-05-21,402.54,30.21,76.0,17.88,12.54,15,0,0
532,2021-05-22,415.29,27.75,310.53,18.8,14.17,0,0,0
533,2021-05-23,414.0,27.46,225.18,20.58,14.96,0,0,0
534,2021-05-24,405.04,29.67,74.61,19.5,14.54,0,0,0
535,2021-05-25,394.04,26.21,265.38,18.23,13.38,0,0,0
536,2021-05-26,398.42,29.42,178.27,16.42,12.25,97,0,0
537,2021-05-27,401.96,30.88,143.95,17.0,12.92,16,0,0
538,2021-05-28,413.63,30.21,257.45,18.57,13.67,0,0,0
539,2021-05-29,407.46,29.83,301.08,19.62,14.08,0,0,0
540,2021-05-30,414.83,29.58,303.14,19.6,14.21,0,0,0
541,2021-05-31,423.25,29.88,58.64,18.23,14.71,0,0,0
542,2021-06-01,414.0,29.83,299.3,20.95,14.71,0,0,0
543,2021-06-02,402.21,30.42,199.91,21.61,14.88,76,0,0
544,2021-06-03,404.75,32.5,29.54,18.36,13.25,16,0,0
545,2021-06-04,390.33,30.92,282.72,20.72,15.46,0,0,0
546,2021-06-05,394.67,31.21,297.0,20.61,14.67,0,0,0
547,2021-06-06,398.92,31.58,230.83,21.09,15.42,0,0,0
548,2021-06-07,432.17,32.13,355.5,25.44,15.29,0,0,0
549,2021-06-08,408.88,31.83,316.0,22.88,16.29,0,0,0
550,2021-06-09,397.83,31.08,261.57,23.26,16.42,82,0,0
551,2021-06-10,398.5,31.75,162.3,21.63,15.33,14,0,0
552,2021-06-11,416.17,32.5,79.62,21.7,15.58,0,0,0
553,2021-06-12,400.88,32.38,82.9,22.9,16.0,0,0,0
554,2021-06-13,410.33,32.13,192.35,24.1,16.96,0,0,0
555,2021-06-14,401.25,32.04,121.36,22.85,16.38,0,0,0
556,2021-06-15,393.38,32.71,65.33,21.36,14.79,0,0,0
557,2021-06-16,390.83,32.29,125.33,21.47,14.71,68,0,0
558,2021-06-17,393.08,32.38,153.07,21.85,15.0,0,0,0
559,2021-06-21,393.29,32.42,122.0,25.0,16.79,0,0,0
560,2021-06-22,397.67,32.88,205.7,21.32,15.67,0,0,0
561,2021-06-23,397.13,32.71,226.05,21.55,15.92,0,0,0
562,2021-06-24,405.33,32.83,230.7,21.64,15.83,10,0,0
563,2021-06-25,410.67,32.79,336.89,22.05,16.08,0,0,0
564,2021-06-26,409.13,32.83,265.75,22.23,16.25,0,0,0
565,2021-06-27,401.29,32.71,272.59,22.89,16.33,0,0,0
566,2021-06-28,397.0,32.75,162.14,24.21,16.75,0,0,0
567,2021-06-29,401.08,32.71,243.88,23.52,16.96,0,0,0
568,2021-06-30,395.67,35.0,211.1,24.0,16.5,7,0,0
569,2021-02-18,457.17,85.75,175.91,-4.25,15.5,0,0,0
570,2021-02-19,459.83,97.17,149.48,1.5,16.0,0,0,0
571,2021-02-20,456.42,97.42,168.27,6.9,16.88,0,0,0
572,2021-02-21,458.63,97.96,163.95,10.32,17.58,0,0,0
573,2021-02-22,446.92,97.83,145.57,6.78,16.92,0,0,0
574,2021-02-23,456.67,95.58,110.91,0.95,16.33,0,0,0
575,2021-02-24,473.75,96.67,153.55,2.57,17.17,0,0,0
576,2021-02-25,505.79,97.25,66.73,3.27,14.54,0,0,0
577,2021-02-26,464.13,96.08,172.23,6.63,16.0,0,0,0
578,2021-02-27,454.33,97.04,187.0,9.17,17.5,0,0,0
579,2021-02-28,465.79,98.08,84.04,7.75,15.13,0,0,0
580,2021-03-01,469.17,98.0,18.29,5.63,12.63,0,0,0
581,2021-03-02,443.92,95.13,142.73,2.41,15.67,0,0,0
582,2021-03-03,448.25,93.38,178.13,3.38,16.33,0,0,0
583,2021-03-04,475.08,95.13,128.5,6.58,15.42,0,0,0
584,2021-03-05,459.0,95.08,198.71,7.25,17.46,0,0,0
585,2021-03-06,459.75,96.17,148.48,7.39,15.0,0,0,0
586,2021-03-07,451.08,95.83,199.44,5.91,16.13,0,0,0
587,2021-03-08,455.58,94.58,202.56,5.95,16.63,0,0,0
588,2021-03-09,458.88,96.0,178.68,5.17,16.08,0,0,0
589,2021-03-10,462.0,95.58,176.35,7.2,17.54,0,0,0
590,2021-03-11,467.42,97.0,177.05,7.22,16.96,0,0,0
591,2021-03-12,489.75,99.0,99.0,10.04,14.29,0,0,0
592,2021-03-13,452.38,96.33,210.63,8.2,16.38,0,0,0
593,2021-03-14,453.71,97.38,194.86,7.27,15.67,0,0,0
594,2021-03-15,457.0,97.13,162.13,9.63,16.79,0,0,0
595,2021-03-16,453.5,96.38,242.55,8.25,15.92,0,0,0
596,2021-03-17,456.25,68.38,218.29,6.39,18.46,0,0,0
597,2021-03-18,464.46,51.5,201.52,10.2,20.5,0,0,0
598,2021-03-19,459.75,52.38,208.05,13.95,21.38,0,0,0
599,2021-03-20,480.46,52.75,28.82,9.67,16.79,0,0,0
600,2021-03-21,438.21,51.08,180.0,6.38,17.38,0,0,0
601,2021-03-22,435.54,49.0,220.22,5.39,18.04,0,0,0
602,2021-03-23,445.21,51.58,246.42,7.44,19.25,0,0,0
603,2021-03-24,450.54,51.75,229.9,9.05,19.21,0,0,0
604,2021-03-25,457.71,51.79,228.24,10.91,19.29,0,0,0
605,2021-03-26,456.13,52.42,197.0,11.42,19.54,0,0,0
606,2021-03-27,465.17,52.38,53.3,10.96,15.83,0,0,0
607,2021-03-28,445.0,52.83,29.83,9.52,15.88,0,0,0
608,2021-03-29,438.42,51.08,243.81,10.53,18.33,0,0,0
609,2021-03-30,452.25,49.75,314.68,8.74,19.33,0,0,0
610,2021-03-31,457.13,50.29,246.14,12.04,21.38,0,0,0
611,2021-04-01,450.46,49.75,240.61,16.21,21.71,0,0,0
612,2021-04-02,431.58,50.46,151.55,18.1,21.5,0,0,0
613,2021-04-03,448.58,53.46,20.52,15.79,18.88,0,0,0
614,2021-04-04,440.54,50.75,198.16,12.67,18.54,0,0,0
615,2021-04-05,433.29,48.21,271.42,10.22,21.25,0,0,0
616,2021-04-06,446.33,50.29,261.25,11.96,19.54,0,0,0
617,2021-04-07,442.75,50.42,264.79,11.92,19.92,0,0,0
618,2021-04-08,446.58,50.79,271.54,11.67,19.71,0,0,0
619,2021-04-09,446.42,51.04,257.13,12.17,20.08,0,0,0
620,2021-04-10,451.75,51.96,261.96,12.25,18.96,0,0,0
621,2021-04-11,454.54,52.04,255.71,13.5,20.88,0,0,0
622,2021-04-12,498.0,56.46,0.0,13.0,20.63,0,0,0
623,2021-04-13,427.08,52.13,227.54,10.33,18.13,0,0,0
624,2021-04-14,422.92,51.46,0.0,7.11,19.08,0,0,0
625,2021-04-15,436.67,52.25,281.42,10.63,18.83,0,0,0
626,2021-04-16,446.75,55.38,105.82,11.75,16.54,0,0,0
627,2021-04-17,438.0,53.42,160.67,9.29,17.08,0,0,0
628,2021-04-18,421.04,51.96,246.5,9.69,17.79,0,0,0
629,2021-04-19,438.79,51.54,285.38,10.79,18.96,0,0,0
630,2021-04-20,445.71,52.25,230.88,13.24,20.83,0,0,0
631,2021-04-21,454.04,52.75,288.26,17.57,23.92,0,0,0
632,2021-04-22,452.88,80.54,171.26,20.5,20.54,0,0,0
633,2021-04-23,429.17,99.04,149.65,20.55,16.67,0,0,0
634,2021-04-24,438.58,95.54,100.25,16.75,15.54,0,0,0
635,2021-04-25,449.65,100.13,369.83,20.36,17.29,0,0,0
636,2021-04-26,432.25,98.71,240.38,16.45,15.13,0,0,0
637,2021-04-27,439.21,98.75,117.06,15.05,13.46,0,0,0
638,2021-04-28,431.92,97.96,206.41,14.05,13.83,0,0,0
639,2021-04-29,430.17,98.38,213.05,14.0,14.13,0,0,0
640,2021-04-30,409.71,98.83,124.13,10.81,11.0,0,0,0
641,2021-05-01,434.33,97.63,220.26,11.0,10.67,0,0,0
642,2021-05-02,427.63,97.54,336.78,12.05,13.33,0,0,0
643,2021-05-03,434.92,97.29,330.36,12.64,12.63,0,0,0
644,2021-05-04,432.92,98.96,48.19,15.0,12.13,0,0,0
645,2021-05-05,408.13,97.71,255.53,13.89,13.29,0,0,0
646,2021-05-06,421.08,98.5,269.58,14.13,13.13,0,0,0
647,2021-05-07,440.54,99.67,257.83,14.83,12.21,0,0,0
648,2021-05-09,458.46,104.29,369.33,15.56,13.58,0,0,0
649,2021-05-10,431.75,99.67,37.56,11.93,9.63,0,0,0
650,2021-05-11,421.75,97.79,281.43,17.45,16.0,0,0,0
651,2021-05-12,411.5,98.88,302.7,21.68,19.04,0,0,0
652,2021-05-13,421.17,98.42,326.55,20.42,19.21,0,0,0
653,2021-05-14,413.88,99.08,249.67,21.95,20.25,0,0,0
654,2021-05-15,414.13,99.33,106.75,20.7,18.54,0,0,0
655,2021-05-16,407.17,99.42,23.18,19.27,16.5,0,0,0
656,2021-05-17,400.92,98.88,64.5,15.55,13.33,0,0,0
657,2021-05-18,413.92,98.29,306.22,16.95,15.88,0,0,0
658,2021-05-19,421.29,97.67,316.57,19.28,17.29,0,0,0
659,2021-05-20,427.08,97.42,60.94,17.67,15.04,0,0,0
660,2021-05-21,400.25,99.0,107.19,15.35,13.25,0,0,0
661,2021-05-22,407.71,97.71,343.75,16.42,16.46,0,0,0
662,2021-05-23,408.83,98.21,215.83,19.22,16.63,0,0,0
663,2021-05-24,406.79,99.04,180.84,18.13,17.13,0,0,0
664,2021-05-25,412.92,98.63,243.64,15.05,13.08,0,0,0
665,2021-05-26,405.5,98.29,217.9,17.64,15.42,0,0,0
666,2021-05-27,399.54,99.29,75.95,15.65,12.88,0,0,0
667,2021-05-28,404.96,99.33,117.18,14.87,12.83,0,0,0
668,2021-05-29,397.5,98.67,182.57,15.78,14.13,0,0,0
669,2021-05-30,408.42,98.75,301.67,18.47,17.25,0,0,0
670,2021-05-31,406.54,99.29,179.27,19.67,18.21,0,0,0
671,2021-06-01,408.0,98.96,204.46,21.04,18.67,0,0,0
672,2021-06-02,408.58,98.67,340.09,22.81,21.13,0,0,0
673,2021-06-03,410.13,99.0,68.82,19.19,16.38,0,0,0
674,2021-06-04,395.54,98.5,396.68,17.39,17.21,0,0,0
675,2021-06-05,401.21,98.92,284.8,20.27,17.88,0,0,0
676,2021-06-06,397.75,99.75,318.8,22.52,21.21,0,0,0
677,2021-06-07,406.29,98.92,139.83,20.11,17.75,0,0,0
678,2021-06-08,404.42,98.83,301.84,23.45,20.88,0,0,0
679,2021-06-09,402.29,99.17,205.35,25.09,23.46,0,0,0
680,2021-06-10,398.63,98.79,201.52,24.9,21.88,0,0,0
681,2021-06-11,402.63,99.54,172.29,21.35,19.33,0,0,0
682,2021-06-12,406.67,98.96,321.05,23.27,21.83,0,0,0
683,2021-06-13,393.67,99.13,339.35,22.0,21.71,0,0,0
684,2021-06-14,390.29,99.08,268.0,21.7,21.13,0,0,0
685,2021-06-15,384.33,99.46,129.44,22.43,19.63,0,0,0
686,2021-06-16,378.58,98.42,309.19,25.55,23.21,0,0,0
687,2021-06-17,388.38,99.83,125.86,22.32,19.33,0,0,0
688,2021-06-18,386.29,99.33,64.9,20.22,17.54,0,0,0
689,2021-06-19,384.0,99.21,285.94,21.86,21.38,0,0,0
690,2021-06-20,390.92,98.75,308.5,23.16,21.0,0,0,0
691,2021-06-21,391.58,99.13,341.68,23.18,22.25,0,0,0
692,2021-06-22,387.92,99.29,214.62,22.3,20.96,0,0,0
693,2021-06-23,387.08,99.38,228.05,22.33,20.38,0,0,0
694,2021-06-24,388.67,98.67,247.0,22.16,21.13,0,0,0
695,2021-06-25,392.75,99.0,269.96,23.42,21.88,0,0,0
696,2021-06-26,400.71,99.33,195.0,22.64,21.21,0,0,0
697,2021-06-27,392.67,99.42,293.86,24.33,23.21,0,0,0
698,2021-06-28,389.79,99.29,226.36,23.57,21.96,0,0,0
699,2021-06-29,388.96,99.08,199.67,23.6,21.54,0,0,0
700,2021-06-30,390.21,99.54,208.5,23.83,22.25,0,0,0
701,2021-07-01,394.42,99.04,288.1,25.65,24.21,0,0,0
702,2021-07-02,397.75,99.04,270.7,26.83,25.04,0,0,0
703,2021-07-03,388.08,99.29,112.52,23.96,21.29,0,0,0
704,2021-07-04,380.63,99.25,37.88,21.9,19.25,0,0,0
705,2021-07-05,398.54,98.67,211.56,23.15,22.54,0,0,0
706,2021-07-06,413.5,99.08,201.05,25.41,24.0,0,0,0
707,2021-07-07,403.71,99.21,165.95,26.27,24.79,0,0,0
708,2021-07-08,385.29,99.54,239.7,26.06,24.25,0,0,0
709,2021-07-09,384.21,99.54,224.1,25.25,23.63,0,0,0
710,2021-07-10,390.0,99.58,234.85,25.85,24.04,0,0,0
711,2022-03-20,587.5,99.88,190.13,5.96,11.33,0,0,0
712,2022-03-21,587.63,99.92,195.78,7.48,14.46,0,0,0
713,2022-03-22,578.17,100.04,236.91,9.17,15.83,0,0,0
714,2022-03-23,595.58,99.96,187.65,8.09,15.25,0,0,0
715,2022-03-24,590.29,99.96,247.04,8.13,15.88,0,0,0
716,2022-03-25,584.33,99.96,129.39,11.61,17.08,0,0,0
717,2022-03-26,554.17,100.08,205.52,15.04,19.46,0,0,0
718,2022-03-27,584.79,88.46,254.13,12.39,18.75,0,0,0
719,2022-03-28,563.79,72.29,212.3,9.13,16.38,0,0,0
720,2022-03-29,581.79,71.08,278.43,9.22,16.67,0,0,0
721,2022-03-30,604.42,80.08,191.39,11.65,17.88,0,0,0
722,2022-03-31,622.25,83.25,177.04,12.48,17.92,0,0,0
723,2022-04-01,592.79,78.83,256.47,10.11,16.71,0,0,0
724,2022-04-02,603.17,75.54,283.39,10.09,17.42,0,0,0
725,2022-04-03,606.83,74.33,278.87,9.78,17.17,0,0,0
726,2022-04-04,626.63,75.46,283.78,10.87,17.58,0,0,0
727,2022-04-05,633.0,76.21,244.65,11.65,18.17,0,0,0
728,2022-04-06,623.63,76.0,270.91,13.52,19.21,0,0,0
729,2022-04-07,642.29,79.21,253.35,13.83,19.21,0,0,0
730,2022-04-08,636.54,77.79,285.3,12.83,18.5,0,0,0
731,2022-04-09,635.08,78.75,276.3,15.91,20.42,0,0,0
732,2022-04-10,616.38,83.63,287.04,17.61,21.54,0,0,0
733,2022-04-11,642.71,88.5,183.57,17.13,20.83,0,0,0
734,2022-04-12,636.5,87.83,256.04,18.7,22.17,0,0,0
735,2022-04-13,635.96,94.0,71.26,15.83,19.0,7,0,0
736,2022-04-14,580.29,90.71,133.54,12.21,17.29,0,0,0
737,2022-04-15,593.79,86.04,241.04,12.54,18.08,0,0,0
738,2022-04-16,629.88,83.13,274.08,11.79,17.25,0,0,0
739,2022-04-17,647.54,81.96,293.08,12.88,17.88,0,0,0
740,2022-04-18,667.96,84.88,231.67,15.29,18.88,0,0,0
741,2022-04-19,653.46,81.71,280.96,16.38,19.58,0,0,0
742,2022-04-20,653.0,83.08,291.0,15.75,19.38,9,0,0
743,2022-04-21,660.04,95.88,73.17,12.54,17.04,0,0,0
744,2022-04-22,627.88,87.67,276.58,16.58,19.58,0,0,0
745,2022-04-23,646.17,91.88,171.52,17.57,20.0,0,0,0
746,2022-04-24,666.13,89.17,284.33,18.75,21.79,0,0,0
747,2022-04-25,678.88,90.79,220.75,18.67,20.92,0,0,0
748,2022-04-26,661.5,98.67,19.88,17.54,19.58,0,0,0
749,2022-04-27,593.71,90.63,269.46,17.5,19.83,11,0,0
750,2022-04-28,610.08,90.71,261.59,16.45,19.21,0,0,0
751,2022-04-29,595.83,93.13,160.21,12.25,16.83,0,0,0
752,2022-04-30,602.29,91.08,228.92,13.54,18.21,0,0,0
753,2022-05-01,619.25,84.63,335.35,15.26,18.83,0,0,0
754,2022-05-02,588.54,80.67,317.83,13.42,17.17,0,0,0
755,2022-05-04,582.21,78.79,22.43,15.43,17.54,13,0,0
756,2022-05-05,644.83,85.79,322.83,16.21,19.0,0,0,0
757,2022-05-06,626.21,86.75,306.71,18.17,20.25,0,0,0
758,2022-05-07,630.54,85.29,292.88,20.04,21.79,0,0,0
759,2022-05-08,608.29,85.42,290.79,17.21,19.96,0,0,0
760,2022-05-09,655.33,87.5,259.71,16.46,18.88,0,0,0
761,2022-05-10,612.79,93.38,223.04,16.42,18.38,0,0,0
762,2022-05-11,672.13,94.79,196.13,18.29,20.17,16,0,0
763,2022-05-12,672.88,95.88,187.0,21.0,21.92,0,0,0
764,2022-05-13,614.13,98.04,74.33,18.04,19.83,0,0,0
765,2022-05-14,625.54,91.96,303.63,18.04,19.92,0,0,0
766,2022-05-15,589.67,91.33,318.75,16.17,18.75,0,0,0
767,2022-05-16,611.92,91.38,330.04,16.48,19.04,0,0,0
768,2022-05-17,618.42,91.75,299.75,18.08,19.75,0,0,0
769,2022-05-18,621.5,89.08,303.75,20.33,21.13,14,0,0
770,2022-05-19,617.33,90.96,217.29,19.92,20.42,0,0,0
771,2022-05-20,636.63,94.79,167.83,19.25,20.21,0,0,0
772,2022-05-21,610.88,93.58,259.08,20.33,21.33,0,0,0
773,2022-05-22,598.17,95.92,301.5,22.96,23.0,0,0,0
774,2022-05-23,615.63,99.38,255.13,21.38,21.92,0,0,0
775,2022-05-24,625.17,97.0,297.54,22.04,22.88,0,0,0
776,2022-05-25,621.25,98.63,294.88,21.46,22.42,13,0,0
777,2022-05-26,563.42,98.38,288.08,21.96,22.38,0,0,0
778,2022-05-27,584.25,95.75,317.75,22.54,22.54,0,0,0
779,2022-05-28,576.29,97.46,269.33,22.71,22.83,0,0,0
780,2022-05-29,585.92,98.71,333.63,21.25,21.92,0,0,0
781,2022-05-30,563.67,99.75,221.21,21.63,22.58,0,0,0
782,2022-05-31,477.96,99.25,455.94,22.19,21.79,0,0,0
783,2022-06-02,486.88,101.08,5.5,20.67,21.63,0,0,0
784,2022-06-03,516.79,98.67,306.92,20.83,21.25,0,0,0
785,2022-06-04,493.33,98.04,239.25,21.33,21.5,0,0,0
786,2022-06-05,535.21,99.75,39.58,17.42,18.29,0,0,0
787,2022-06-06,493.38,98.71,293.04,20.33,21.21,0,0,0
788,2022-06-07,510.25,99.83,157.67,18.58,19.29,0,0,0
789,2022-06-08,529.25,99.92,138.71,17.67,18.92,0,0,0
790,2022-06-09,577.46,99.17,293.83,18.83,20.04,0,0,0
791,2022-06-10,567.0,98.83,253.38,19.67,20.33,0,0,0
792,2022-06-11,568.33,97.67,182.17,21.54,22.0,0,0,0
793,2022-06-12,528.29,98.96,256.5,20.79,21.42,0,0,0
794,2022-06-13,551.04,99.33,113.54,19.96,20.13,0,0,0
795,2022-06-14,508.17,99.92,44.92,16.33,17.79,0,0,0
796,2022-06-15,515.71,98.83,200.63,19.88,20.96,0,0,0
797,2022-06-16,496.42,97.58,291.17,23.0,23.58,0,0,0
798,2022-06-17,504.71,98.92,236.08,22.42,22.92,0,0,0
799,2022-06-18,479.96,98.42,279.04,24.67,25.25,0,0,0
800,2022-06-19,481.71,98.63,320.58,24.42,24.92,0,0,0
801,2022-06-20,482.08,99.17,214.38,24.42,24.92,0,0,0
802,2022-06-21,477.88,98.42,263.21,25.04,25.67,0,0,0
803,2022-06-22,497.67,98.0,285.38,25.33,25.71,0,0,0
804,2022-06-23,472.54,99.25,105.79,24.42,24.58,0,0,0
805,2022-06-24,482.71,99.13,114.58,24.79,24.88,0,0,0
806,2022-06-25,477.79,99.13,224.75,24.79,25.08,0,0,0
807,2022-06-26,465.75,98.88,112.54,25.13,25.42,0,0,0
808,2022-06-27,464.79,99.21,101.79,25.71,25.75,0,0,0
809,2022-06-28,464.58,98.67,138.38,26.08,26.17,0,0,0
810,2022-06-29,463.17,99.17,122.21,26.13,26.17,0,0,0
811,2022-06-30,460.04,99.25,247.33,26.29,26.58,0,0,0
812,2022-07-01,482.88,98.04,318.04,26.54,26.88,0,0,0
813,2022-07-02,500.71,95.63,263.79,26.92,26.63,0,0,0
814,2022-07-03,487.5,96.21,274.54,27.46,27.04,0,0,0
815,2022-07-04,476.58,97.88,226.04,27.08,26.92,0,0,0
816,2022-07-05,485.96,97.71,256.29,27.04,26.96,0,0,0
817,2022-07-06,460.67,98.17,241.25,27.38,27.58,0,0,0
818,2022-07-07,444.83,98.79,258.67,27.63,27.88,0,0,0
819,2022-07-08,196.08,41.67,4.06,16.63,10.83,0,0,0
820,2022-07-09,0.0,0.0,0.0,0.0,0.0,0,0,0
821,2022-07-10,0.0,0.0,0.0,0.0,0.0,0,0,0
822,2022-07-11,0.0,0.0,0.0,0.0,0.0,0,0,0
823,2022-07-12,0.0,0.0,0.0,0.0,0.0,0,0,0
824,2022-07-13,232.38,50.0,25.17,12.5,12.46,0,0,0
825,2022-07-14,487.54,96.71,228.46,28.17,28.0,0,0,0
826,2022-07-15,533.92,98.17,299.96,26.92,27.0,0,0,0
827,2022-07-16,511.79,97.04,283.38,26.75,27.17,0,0,0
828,2022-07-17,507.83,98.21,233.42,26.29,26.5,0,0,0
829,2022-07-18,582.54,100.0,21.79,22.08,23.38,0,0,0
830,2022-07-19,503.83,98.04,282.88,26.0,26.63,0,0,0
831,2022-07-20,499.42,98.42,265.22,25.91,26.67,0,0,0
832,2022-07-21,492.96,98.58,171.88,25.67,25.83,0,0,0
833,2022-07-22,466.46,97.29,258.17,25.75,25.96,0,0,0
834,2022-07-23,528.71,99.25,179.33,24.29,25.04,0,0,0
835,2022-07-24,486.21,98.67,190.5,26.46,26.75,0,0,0
836,2022-07-25,530.0,98.38,308.25,26.42,26.71,0,0,0
837,2022-07-26,502.83,99.0,225.08,25.54,25.88,0,0,0
838,2022-07-27,494.13,97.71,261.63,25.67,25.88,0,0,0
839,2022-07-28,493.54,98.13,178.17,26.67,26.79,0,0,0
840,2022-07-29,524.96,97.17,293.96,28.7,28.79,0,0,0
841,2022-07-30,484.83,98.29,152.75,27.75,27.5,0,0,0
